within_OR,within_p,within_ci_lo,within_ci_hi,between_OR,between_p,between_ci_lo,between_ci_hi,within_raw_sd,between_repeated_sd,converged,label,exposure,pooled_OR,pooled_p
1.0048714458844563,0.1991841302631107,0.9974442206285196,1.0123539761628308,0.9479997808849168,4.154528708761144e-15,0.9354442688258456,0.960723812746096,40.232807271253954,22.11364063366205,True,(a) category-only streak,a_streak,1.0165092103226725,2.336051884931934e-47
1.050903489811809,0.0003127199206913,1.022911436144729,1.0796615482773633,0.823059679339034,4.416452958022782e-05,0.7496371225830878,0.9036735446337094,0.5913072877311344,0.130494950869607,True,(b) time-gated T=20s,b_time20,1.0403626575202594,1.828461608472501e-05
0.975753907954592,1.6766166894600858e-08,0.9674700538505632,0.9841086916326616,0.7416040228598085,2.67087933295016e-11,0.6791819831154418,0.8097631274008205,1.0794927452534682,0.2206230718354793,True,(c) burst T=20s,c_burst20,0.9937561460022392,0.023117958221567
1.0046449298623257,0.2127972307101405,0.9973475957942188,1.011995656633965,0.9475600278965298,7.782632331515772e-17,0.9356329476022828,0.9596391499125974,40.23377603447774,22.11288012534469,True,(d) Jaccard >= 0.5,d_jac050,1.016460941135804,5.8196618781066695e-49
1.0502965643493465,0.0002273886882574,1.0232485528240067,1.07805954871824,0.8248241978333847,3.5160599684947806e-05,0.752901346738244,0.9036176655532184,0.5963410665556357,0.1308136329063183,True,(e) Jaccard >= 0.5 & T=20s,e_combo050_T20,1.040155452756936,1.4702974668829914e-05
1.1100834253456189,1.654499317497166e-06,1.063661186959036,1.1585317075920718,0.0253765137459481,4.4171671883044886e-27,0.0130093389005253,0.0495003977390648,45.27287736383538,26.31534368009353,True,(f-1) inferred-session cumulative,f1_session_cum,1.0269974337783383,4.772674044224011e-07
0.7384372045008103,1.6386821276639405e-13,0.681269123932525,0.8004024926938839,0.22467955204777,0.0386543897956464,0.0545704051313803,0.925060039170534,4.105460785486973,2.372390029268598,True,(f-2) rolling cumulative W=30m,cumexp_W30m,0.794805454312045,1.0175468208517059e-192
0.7143098079349889,6.156607605115418e-08,0.6324014437307183,0.8068269083986854,0.1949325670706723,0.0931832102711792,0.0288974191258651,1.3149515373416418,7.470287157031531,4.58164556257299,True,(f-2) rolling cumulative W=60m,cumexp_W60m,0.7857794583938601,1.039818833602676e-164
0.6463670498498263,5.5534663205881966e-129,0.6238869218138499,0.6696571903076767,0.0333965351107892,5.10893300911762e-80,0.023493551782183,0.0474738161239639,19.640450612757924,12.356774980376183,True,(f-2) rolling cumulative W=180m,cumexp_W180m,0.97336564602527,0.2351273652845155
1.0069870980343107,0.0040921600426033,1.0022118518703858,1.0117850968486692,1.0153776740574203,0.7016835933518413,0.9391085657061974,1.0978409298172729,0.1110646418058841,0.0251562800258398,True,(g) sliding density N=20,density_N20,1.006991624149129,0.0059190570647591
1.005835067123136,0.0208965706296178,1.0008816860025214,1.0108129626142994,1.019294842924099,0.645145113648592,0.939670741196459,1.1056659862461826,0.0906859192151933,0.0242336839437484,True,(g) sliding density N=50,density_N50,1.0057694005051174,0.0295214799825106
1.0051621776771025,0.0444488510628934,1.0001277656855485,1.010221931734911,1.022226859248263,0.6051808054844138,0.9404825323026754,1.111076193207034,0.0817427309208782,0.0238561145961284,True,(g) sliding density N=100,density_N100,1.0050281899305915,0.0634637456535007
0.6364011760582821,2.834373655507547e-62,0.6034377670836533,0.6711652451680562,0.4241684609061645,3.140762284896925e-09,0.3193818918405168,0.5633346405166477,7.033893317304167,3.572167158126831,True,(h) time-decay gauge tau=1800s,gauge_hl1800,0.7801138160769342,1.1043666839683082e-148
0.6607435839126757,6.934136364057747e-20,0.6044958179647514,0.7222251514521224,0.3641333941294118,8.361358754406284e-05,0.2201224342856344,0.6023608141101628,19.383793179838683,11.427143096923828,True,(h) time-decay gauge tau=7200s,gauge_hl7200,0.8512662282666205,3.038107565378521e-48
0.5165558887008204,9.730426119478223e-71,0.4802824664824285,0.555568867849263,0.1294798018922141,0.0050989669890159,0.0309680112837131,0.5413656997362355,62.06387531718849,42.05362701416016,False,(h) time-decay gauge tau=86400s,gauge_hl86400,0.322022774585764,1.1557557065206791e-19
1.0730062672720655,3.02881650344268e-32,1.0605433692136317,1.0856156221681206,0.7131630044382077,3.140569648226516e-16,0.6575967640171198,0.7734245341969018,106.75009044471037,97.58476257324219,True,(i) event-decay T=20s penalty=0.2,ed_T20_p02,1.056083444846639,5.672243015429495e-29
1.0594102952147735,9.040818905758757e-27,1.0482811558269547,1.070657587774406,0.7663795436061144,6.979804075919072e-12,0.7102629850792253,0.8269297671374531,92.1220649144532,86.12885284423828,True,(i) event-decay T=20s penalty=0.5,ed_T20_p05,1.048629482039562,5.9299535506678715e-24
1.0403928250184067,1.1937541588636033e-17,1.0309954148758262,1.0498758915238704,0.8244501762462391,3.0962067901624228e-06,0.7602151057775947,0.8941128477277457,75.8281390005353,69.90607452392578,True,(i) event-decay T=20s penalty=1.0,ed_T20_p10,1.035869519754799,1.558825315567128e-16
1.073310792292504,5.2807824524421025e-23,1.058346576313681,1.0884865909086903,0.7249268179639237,3.436833654997723e-14,0.6670735548805564,0.787797518816942,115.36767041128184,103.27629089355469,True,(i) event-decay T=60s penalty=0.2,ed_T60_p02,1.052695855604728,1.2191826444302524e-23
1.041947256398193,2.201074989773064e-12,1.0300636152242175,1.0539679968012494,0.8301841336420421,2.7341652760471725e-05,0.7610400198598111,0.9056103197804822,93.24003766950291,83.22476959228516,True,(i) event-decay T=60s penalty=0.5,ed_T60_p05,1.0344648706548556,5.03073931240532e-20
1.0383272381341624,3.4619571970775833e-06,1.0219661711859191,1.0549502359752592,0.8551870693462367,0.02106089231933618,0.7487544122622753,0.9767487330957163,76.66763253004036,63.43452835083008,True,(i) event-decay T=60s penalty=1.0,ed_T60_p10,1.0300914694990166,7.593597240558907e-17
